Lead ID,Date Found,Source,Lead Type,Company,Website,Industry,Recent Volume,Bad Reviews (Last 6 Mo),Bad Reviews (Prior 6 Mo),Trend,Latest Bad Review,Rating,Review Count,Negative Reviews Replied %,Pain Signals,Evidence Quote,Evidence URL,Lead Score,Priority,Matching Case Study,Suggested Pitch,Contact Email,Contact Phone,Location,Status,Notes
be23ed11f6,2026-09-26,Trustpilot (research),Pain,Eahora Ebike,https://eahoraebike.com,Consumer Technology,Low,,,,2026,3.0,125,,ghosted,Ghosted on refund request after warranty repair failed; a month trying to reach support.,https://www.trustpilot.com/review/eahoraebike.com,30,Cold,"Yarbo: pre-sales → full after-sales, 3 → 15 agents, 24/7 chat/email/phone, L1 → L2 escalation",Pre-sales guidance plus 24/7 technical after-sales support with a structured L1/L2 escalation path,,,,New,"Researched 26 Sep 2026 via web search. Quote summarises public reviews, so open the link before outreach"
8678ff28cc,2026-09-26,Trustpilot (research),Pain,DT Footwear,https://dtfootwear.com,E-commerce & DTC,Low,,,,28 Jun 2026,,46,,worst customer service,28 Jun 2026 'worst customer service of ALLTIME'; 23 May 2026 product complaint.,https://www.trustpilot.com/review/dtfootwear.com,25,Cold,"Silksilky: 1 → 6 agents, 24/7 email support, 100–150 emails/agent/day, Google rating 3.4 → 4.4","WISMO, sizing, returns, refunds and exchanges handled 24/7 inside Shopify + your helpdesk",,,,New,"Small (46 reviews); Researched 26 Sep 2026 via web search. Quote summarises public reviews, so open the link before outreach"
ed2b1f6259,2026-09-26,Trustpilot (research),Pain,Flashforge,https://flashforge.com,3D Printing & Hardware,Low,,,,2026,,,,no reply,Contacted support 3 times with no reply; no delay notifications. Many positive reviews too.,https://www.trustpilot.com/review/flashforge.com,25,Cold,"Creality 3D: 4 → 14 agents, email → chat → phone, 24/7, weekly SOP/product changes absorbed","Technical troubleshooting support that keeps up with weekly firmware/product changes, 24/7 on every channel",,,,New,"Researched 26 Sep 2026 via web search. Quote summarises public reviews, so open the link before outreach"
57a6c6a8e1,2026-09-26,Trustpilot (research),Pain,Papinelle,https://papinelle.com,E-commerce & DTC,Low,,,,Apr 2026,1.9,32,,,Only one dated 2026 complaint (product quality). Earlier: 'no one ever responds to messages'.,https://www.trustpilot.com/review/papinelle.com,25,Cold,"Silksilky: 1 → 6 agents, 24/7 email support, 100–150 emails/agent/day, Google rating 3.4 → 4.4","WISMO, sizing, returns, refunds and exchanges handled 24/7 inside Shopify + your helpdesk",,,,New,"Tiny review base; Researched 26 Sep 2026 via web search. Quote summarises public reviews, so open the link before outreach"
ce8eeacac6,2026-09-26,Yelp (research),Pain,Smile Doctors,https://smiledoctors.com,"Med Spas, Dental & Aesthetic Clinics",Low,,,,,,,,"no response, voicemail, not responding","Greeley/Johnstown offices: voicemail every call, multiple messages with no response, emergency line not responding.",https://www.yelp.com/brands/smile-doctors,25,Cold,"AI Voice Receptionist + human team: answers every call, books/reschedules, after-hours & overflow coverage (GoHighLevel)","Never miss a call again: AI voice receptionist + human backup, booking, reminders and no-show follow-ups",,,,New,"Orthodontics DSO. Undated in search, so it needs the Yelp API run; Researched 26 Sep 2026 via web search. Quote summarises public reviews, so open the link before outreach"
59074d6840,2026-09-26,Trustpilot (research),Pain,Silkysilky,https://silkysilky.com,E-commerce & DTC,Low,,,,2026,,,,months,"Small profile (~80 reviews). Complaints: 4+ emails needed for a return, 3 months chasing a refund. Some 2026 reviews are positive.",https://www.trustpilot.com/review/silkysilky.com,20,Cold,"Silksilky: 1 → 6 agents, 24/7 email support, 100–150 emails/agent/day, Google rating 3.4 → 4.4","WISMO, sizing, returns, refunds and exchanges handled 24/7 inside Shopify + your helpdesk",,,,New,"Silk sleepwear. Do NOT confuse with SILKSILKY (silksilky.com), your existing client; Researched 26 Sep 2026 via web search. Quote summarises public reviews, so open the link before outreach"
79241a4723,2026-09-26,Trustpilot (research),Pain,Fossibot,https://fossibot.com,Consumer Technology,Low,,,,2026,,70,,,2026 shipping delays and 'very little help' from support; many positive reviews.,https://www.trustpilot.com/review/fossibot.com,20,Cold,"Yarbo: pre-sales → full after-sales, 3 → 15 agents, 24/7 chat/email/phone, L1 → L2 escalation",Pre-sales guidance plus 24/7 technical after-sales support with a structured L1/L2 escalation path,,,,New,"Also check eu.fossibot.com (366 reviews); Researched 26 Sep 2026 via web search. Quote summarises public reviews, so open the link before outreach"
31e4831182,2026-09-26,Trustpilot (research),Pain,Euybike,https://euybike.com,Consumer Technology,Low,,,,,4.3,154,,,EU buyers report no warranty service or EU office; otherwise positive.,https://www.trustpilot.com/review/euybike.com,20,Cold,"Yarbo: pre-sales → full after-sales, 3 → 15 agents, 24/7 chat/email/phone, L1 → L2 escalation",Pre-sales guidance plus 24/7 technical after-sales support with a structured L1/L2 escalation path,,,,New,"Researched 26 Sep 2026 via web search. Quote summarises public reviews, so open the link before outreach"
1a668bc4f3,2026-09-26,Yelp (research),Pain,Pure Med Spa,https://puremedspa.com,"Med Spas, Dental & Aesthetic Clinics",Low,,,,,,,,disconnected,"Disconnected phones, 'I HAVE NEVER GOTTEN A HOLD OF ANYONE', locations closed without notice.",https://www.yelp.com/brands/pure-med-spa,20,Cold,"AI Voice Receptionist + human team: answers every call, books/reschedules, after-hours & overflow coverage (GoHighLevel)","Never miss a call again: AI voice receptionist + human backup, booking, reminders and no-show follow-ups",,,,New,"Complaints are undated in search. Needs the Yelp API run to count the last 6 months; Researched 26 Sep 2026 via web search. Quote summarises public reviews, so open the link before outreach"
ee5997d5b5,2026-09-26,Trustpilot (research),Pain,OMTech,https://omtech.com,3D Printing & Hardware,Low,,,,2026,,,,,Mixed: slow/unhelpful technical support vs. good warranty handling (Jan 2026).,https://www.trustpilot.com/review/omtech.com,15,Cold,"Creality 3D: 4 → 14 agents, email → chat → phone, 24/7, weekly SOP/product changes absorbed","Technical troubleshooting support that keeps up with weekly firmware/product changes, 24/7 on every channel",,,,New,"Researched 26 Sep 2026 via web search. Quote summarises public reviews, so open the link before outreach"
d0f608db24,2026-09-26,Trustpilot (research),Pain,Geeetech,https://geeetech.com,3D Printing & Hardware,Low,,,,28 Jul 2026,,,,,"Recent complaints are about product quality (TPU, glue); spare parts unavailable.",https://www.trustpilot.com/review/www.geeetech.com,15,Cold,"Creality 3D: 4 → 14 agents, email → chat → phone, 24/7, weekly SOP/product changes absorbed","Technical troubleshooting support that keeps up with weekly firmware/product changes, 24/7 on every channel",,,,New,"Product issue more than support; Researched 26 Sep 2026 via web search. Quote summarises public reviews, so open the link before outreach"
371442bdab,2026-09-26,Yelp (research),Pain,Midwest Dental,https://midwest-dental.com,"Med Spas, Dental & Aesthetic Clinics",Low,,,,,,,,,'Rarely answer their phone while the office is open and do not pay attention to voicemails.',https://www.yelp.com/brands/midwest-dental,15,Cold,"AI Voice Receptionist + human team: answers every call, books/reschedules, after-hours & overflow coverage (GoHighLevel)","Never miss a call again: AI voice receptionist + human backup, booking, reminders and no-show follow-ups",,,,New,"Dental DSO. Undated, so it needs the Yelp API run; Researched 26 Sep 2026 via web search. Quote summarises public reviews, so open the link before outreach"
